class_id,class_school,class_city,class_grade_inferred,class_total_missions,class_total_tasks,class_total_students,class_first_activity_date,class_last_activity_date,class_avg_quiz_seconds_taken,class_has_multi_week_activity,class_avg_completion_rate,class_distinct_task_names_by_id,class_peak_activity_slot
class_1,,臺北市,,1,1,147,2025-03-26 06:57:00.000000 UTC,2025-03-26 07:01:00.000000 UTC,19.236599664991600,FALSE,0.83673469387755100,四上［同分母分數的比較］,上課時間
class_2,,宜蘭縣,,1,1,131,2025-03-12 00:37:00.000000 UTC,2025-03-14 03:59:00.000000 UTC,24.635638297872300,FALSE,0.19083969465648900,三上［認識分數],上課時間
class_3,,宜蘭縣,,1,1,105,2025-03-12 00:37:00.000000 UTC,2025-03-13 03:48:00.000000 UTC,27.179419525065900,FALSE,0.36190476190476200,四上［同分母分數的比較］,上課時間
class_4,市立銘傳國中,基隆市,,1,1,100,2025-02-04 01:57:00.000000 UTC,2025-02-04 01:57:00.000000 UTC,,FALSE,0.0,三上［認識分數],無資料
class_5,Future實驗教育機構,新北市,,1,1,58,2025-02-06 06:50:00.000000 UTC,2025-02-06 06:52:00.000000 UTC,9.2189500640204900,FALSE,0.9137931034482760,三上［認識分數],上課時間
class_6,縣立大同國小,宜蘭縣,,1,1,56,2025-02-08 03:24:00.000000 UTC,2025-02-08 03:24:00.000000 UTC,17.982456140350900,FALSE,0.32142857142857100,四上［同分母分數的比較］,上課時間
class_7,市立海山國小,新北市,,1,1,52,2025-05-30 05:21:00.000000 UTC,2025-05-30 05:22:00.000000 UTC,12.5,FALSE,0.0,四上［同分母分數加減］,無資料
class_8,,花蓮縣,0,1,1,50,2025-05-13 05:41:00.000000 UTC,2025-05-13 05:41:00.000000 UTC,10.177777777777800,FALSE,0.06,三上［認識分數],上課時間
class_9,市立古亭國小,臺北市,2,1,1,44,2025-03-21 01:52:00.000000 UTC,2025-03-21 01:56:00.000000 UTC,12.505,FALSE,0.95454545454545500,三上［認識分數],上課時間
class_10,市立楊梅國小,桃園市,,1,1,41,2025-02-24 07:15:00.000000 UTC,2025-02-25 05:49:00.000000 UTC,34.635388739946400,FALSE,0.48780487804878100,四上［同分母分數的比較］,上課時間
class_11,市立中正國小,新北市,4,2,2,39,2025-04-24 04:57:00.000000 UTC,2025-04-24 05:00:00.000000 UTC,38.615853658536500,FALSE,0.3205128205128210,四上［同分母分數的比較］&四上［同分母分數加減］,上課時間
class_12,縣立員山國小,宜蘭縣,4,1,1,38,2025-05-14 08:45:00.000000 UTC,2025-05-14 08:45:00.000000 UTC,39.517241379310300,FALSE,0.18421052631578900,四上［同分母分數加減］,早自習
class_13,,新竹市,,1,1,36,2025-02-06 08:25:00.000000 UTC,2025-02-06 08:29:00.000000 UTC,18.075000000000000,FALSE,0.30555555555555600,四上［同分母分數加減］,課後輔導
class_14,市立樂善國小,桃園市,3,1,1,31,2025-02-18 16:52:00.000000 UTC,2025-02-19 01:10:00.000000 UTC,27.177570093457900,FALSE,0.967741935483871,三上［認識分數],上課時間
class_15,市立龍星國小,桃園市,5,2,2,30,2025-02-18 00:54:00.000000 UTC,2025-02-18 06:32:00.000000 UTC,34.370680628272300,FALSE,0.91666666666666600,三上［認識分數]&四上［同分母分數加減］,上課時間
class_16,縣立新生國小,宜蘭縣,3,1,1,30,2025-03-11 05:40:00.000000 UTC,2025-03-11 05:46:00.000000 UTC,28.022556390977400,FALSE,0.9000000000000000,三上［認識分數],上課時間
class_17,縣立照南國小,苗栗縣,4,2,2,29,2025-03-24 01:43:00.000000 UTC,2025-03-24 01:43:00.000000 UTC,32.169965075669400,FALSE,0.72413793103448300,四上［同分母分數的比較］&四上［同分母分數加減］,早自習
class_18,市立路竹國小,高雄市,3,1,1,29,2025-05-15 08:22:00.000000 UTC,2025-05-26 04:56:00.000000 UTC,45.035714285714300,TRUE,0.068965517241379300,三上［認識分數],上課時間
class_19,市立大勇國小,臺中市,,1,1,28,2025-02-06 03:39:00.000000 UTC,2025-02-06 03:39:00.000000 UTC,,FALSE,0.0,三上［認識分數],無資料
class_20,縣立新生國小,宜蘭縣,,1,1,28,2025-03-17 07:35:00.000000 UTC,2025-03-17 07:35:00.000000 UTC,25.950953678474100,FALSE,0.78571428571428600,三上［認識分數],上課時間
class_21,縣立竹山國小,南投縣,,1,1,28,2025-03-28 04:51:00.000000 UTC,2025-03-28 05:07:00.000000 UTC,73.650362318840700,FALSE,0.75000000000000000,五上［異分母分數的比較與加減］,上課時間
class_22,市立新甲國小,高雄市,,1,1,28,2025-04-29 04:59:00.000000 UTC,2025-04-29 05:22:00.000000 UTC,19.887179487179500,FALSE,0.92857142857142800,三上［認識分數],上課時間
class_23,,宜蘭縣,,1,1,27,2025-02-13 02:11:00.000000 UTC,2025-02-13 02:11:00.000000 UTC,88.037037037037000,FALSE,0.07407407407407410,五上［異分母分數的比較與加減］,上課時間
class_24,市立楠陽國小,高雄市,5,2,1,27,2025-02-20 06:19:00.000000 UTC,2025-02-27 08:00:00.000000 UTC,60.470938897168400,TRUE,1.0,五上［異分母分數的比較與加減］,上課時間
class_25,縣立新生國小,宜蘭縣,2,1,1,27,2025-03-11 06:30:00.000000 UTC,2025-03-11 06:30:00.000000 UTC,24.710396039603900,FALSE,0.96296296296296300,三上［認識分數],上課時間
class_26,縣立新生國小,宜蘭縣,2,1,1,27,2025-03-11 07:27:00.000000 UTC,2025-03-11 07:27:00.000000 UTC,27.460916442048500,FALSE,0.88888888888888900,三上［認識分數],上課時間
class_27,市立秀朗國小,新北市,,2,2,27,2025-03-12 07:30:00.000000 UTC,2025-03-12 07:32:00.000000 UTC,,FALSE,0.0,四上［同分母分數的比較］&五上［異分母分數的比較與加減］,無資料
class_28,市立茄萣國小,高雄市,,1,1,27,2025-03-18 02:31:00.000000 UTC,2025-03-18 02:31:00.000000 UTC,26.788321167883200,FALSE,0.81481481481481500,三上［認識分數],上課時間
class_29,市立民族國小,嘉義市,5,1,1,27,2025-03-20 13:03:00.000000 UTC,2025-03-20 13:03:00.000000 UTC,,FALSE,0.0,五上［異分母分數的比較與加減］,無資料
class_30,縣立平和國小,彰化縣,5,1,1,27,2025-03-29 10:25:00.000000 UTC,2025-03-29 10:25:00.000000 UTC,5.25,FALSE,0.0,五上［異分母分數的比較與加減］,無資料
class_31,市立楊心國小,桃園市,,1,1,27,2025-04-30 05:47:00.000000 UTC,2025-04-30 05:47:00.000000 UTC,,FALSE,0.0,三上［認識分數],無資料
class_32,市立錦和國小,新北市,6,1,1,27,2025-05-23 13:27:00.000000 UTC,2025-05-23 13:27:00.000000 UTC,,FALSE,0.0,四上［同分母分數的比較］,無資料
class_33,市立大灣國小,臺南市,4,2,2,27,2025-06-02 00:16:00.000000 UTC,2025-06-02 00:17:00.000000 UTC,35.68349514563110,FALSE,0.42592592592592600,四上［同分母分數的比較］&四上［同分母分數加減］,早自習
class_34,,桃園市,3,1,1,27,2025-06-03 04:39:00.000000 UTC,2025-06-03 04:39:00.000000 UTC,21.174358974359000,FALSE,0.96296296296296300,三上［認識分數],上課時間
class_35,市立和平國小,高雄市,4,1,1,27,2025-06-12 00:25:00.000000 UTC,2025-06-12 01:53:00.000000 UTC,35.881578947368400,FALSE,0.59259259259259300,四上［同分母分數的比較］,上課時間
class_36,,新北市,4,1,1,26,2025-02-13 06:31:00.000000 UTC,2025-02-14 00:07:00.000000 UTC,19.310256410256400,FALSE,0.96153846153846100,三上［認識分數],早自習
class_37,市立龍泉國小,臺中市,,2,1,26,2025-02-14 08:10:00.000000 UTC,2025-02-20 05:17:00.000000 UTC,65.539849624060200,TRUE,0.81250000000000000,五上［異分母分數的比較與加減］,上課時間
class_38,市立芭里國小,桃園市,6,1,1,26,2025-02-19 01:04:00.000000 UTC,2025-02-19 01:04:00.000000 UTC,90.137391304347900,FALSE,0.84615384615384600,五上［異分母分數的比較與加減］,上課時間
class_39,楊梅國中秀才分校,桃園市,5,1,1,26,2025-03-17 03:41:00.000000 UTC,2025-03-17 03:41:00.000000 UTC,,FALSE,0.0,五上［異分母分數的比較與加減］,無資料
class_40,市立清水國小,新北市,6,1,1,26,2025-03-25 23:45:00.000000 UTC,2025-03-25 23:45:00.000000 UTC,49.568037974683600,FALSE,0.96153846153846100,五上［異分母分數的比較與加減］,早自習
class_41,縣立馬賽國小,宜蘭縣,4,2,2,26,2025-03-31 01:27:00.000000 UTC,2025-03-31 01:52:00.000000 UTC,41.146103896103900,FALSE,0.28846153846153800,四上［同分母分數的比較］&四上［同分母分數加減］,上課時間
class_42,縣立馬賽國小,宜蘭縣,4,2,2,26,2025-04-02 03:19:00.000000 UTC,2025-04-02 03:20:00.000000 UTC,33.761092150170700,FALSE,0.51923076923076900,四上［同分母分數的比較］&四上［同分母分數加減］,上課時間
class_43,市立中港國小,新北市,5,1,1,26,2025-04-15 04:36:00.000000 UTC,2025-04-30 05:30:00.000000 UTC,23.339285714285700,TRUE,0.11538461538461500,四上［同分母分數加減］,上課時間
class_44,市立陳平國小,臺中市,4,2,2,26,2025-05-15 07:18:00.000000 UTC,2025-05-15 07:19:00.000000 UTC,38.818181818181800,FALSE,0.076923076923076900,四上［同分母分數的比較］&四上［同分母分數加減］,上課時間
class_45,縣立新生國小,臺東縣,,1,1,26,2025-06-04 23:57:00.000000 UTC,2025-06-04 23:57:00.000000 UTC,37.687500000000000,FALSE,0.73076923076923100,三上［認識分數],上課時間
class_46,縣立信義國小,苗栗縣,4,2,2,25,2025-02-16 05:31:00.000000 UTC,2025-02-19 02:48:00.000000 UTC,39.329084588644200,TRUE,0.94000000000000000,四上［同分母分數的比較］&四上［同分母分數加減］,放學後
class_47,縣立恆春國小,屏東縣,3,1,1,25,2025-02-17 06:11:00.000000 UTC,2025-02-17 06:11:00.000000 UTC,24.341911764705900,FALSE,0.8,三上［認識分數],上課時間
class_48,楊梅國中秀才分校,桃園市,,1,1,25,2025-02-17 23:13:00.000000 UTC,2025-02-17 23:13:00.000000 UTC,27.987394957983200,FALSE,0.72000000000000000,三上［認識分數],早自習
class_49,楊梅國中秀才分校,桃園市,5,1,1,25,2025-02-21 00:29:00.000000 UTC,2025-02-21 00:52:00.000000 UTC,48.140186915887800,FALSE,0.92000000000000000,五上［異分母分數的比較與加減］,上課時間
class_50,楊梅國中秀才分校,桃園市,3,2,1,25,2025-03-13 14:49:00.000000 UTC,2025-04-01 02:25:00.000000 UTC,17.810477657935300,TRUE,0.98000000000000000,三上［認識分數],上課時間
class_51,縣立馬賽國小,宜蘭縣,4,2,2,25,2025-03-31 01:09:00.000000 UTC,2025-03-31 01:10:00.000000 UTC,46.819875776397500,FALSE,0.26,四上［同分母分數的比較］&四上［同分母分數加減］,上課時間
class_52,縣立馬賽國小,宜蘭縣,4,2,2,25,2025-04-02 03:05:00.000000 UTC,2025-04-02 03:06:00.000000 UTC,22.776041666666700,FALSE,0.24000000000000000,四上［同分母分數的比較］&四上［同分母分數加減］,上課時間
class_53,,臺中市,,1,1,25,2025-05-16 10:57:00.000000 UTC,2025-05-16 10:57:00.000000 UTC,,FALSE,0.0,四上［同分母分數加減］,無資料
class_54,縣立新湖國小,新竹縣,,1,1,25,2025-05-20 01:57:00.000000 UTC,2025-05-20 01:57:00.000000 UTC,,FALSE,0.0,四上［同分母分數的比較］,無資料
class_55,市立油廠國小,高雄市,,1,1,25,2025-05-20 03:39:00.000000 UTC,2025-05-20 03:39:00.000000 UTC,31.738831615120300,FALSE,0.24,四上［同分母分數加減］,上課時間
class_56,,臺南市,3,1,1,25,2025-05-29 06:23:00.000000 UTC,2025-05-29 06:59:00.000000 UTC,,FALSE,0.0,三上［認識分數],無資料
class_57,縣立溪北國小,屏東縣,3,1,1,24,2025-02-11 11:41:00.000000 UTC,2025-02-11 11:41:00.000000 UTC,19.423076923076900,FALSE,0.20833333333333300,三上［認識分數],上課時間
class_58,縣立新生國小,宜蘭縣,,1,1,24,2025-03-13 02:41:00.000000 UTC,2025-03-13 02:41:00.000000 UTC,44.964028776978400,FALSE,0.58333333333333300,五上［異分母分數的比較與加減］,上課時間
class_59,縣立竹林國小,宜蘭縣,5,2,2,24,2025-03-17 05:08:00.000000 UTC,2025-03-18 05:22:00.000000 UTC,18.215189873417700,FALSE,0.085106382978723400,三上［認識分數]&五上［異分母分數的比較與加減］,上課時間
class_60,縣立新生國小,宜蘭縣,,1,1,24,2025-03-18 03:34:00.000000 UTC,2025-03-18 03:34:00.000000 UTC,30.032258064516100,FALSE,0.041666666666666700,四上［同分母分數的比較］,放學後
class_61,楊梅國中秀才分校,桃園市,,2,1,24,2025-03-21 01:54:00.000000 UTC,2025-04-02 02:47:00.000000 UTC,64.956416464891100,TRUE,0.95833333333333300,五上［異分母分數的比較與加減］,上課時間
class_62,楊梅國中秀才分校,桃園市,5,1,1,24,2025-04-07 07:43:00.000000 UTC,2025-04-07 07:43:00.000000 UTC,82.14457831325300,FALSE,0.79166666666666700,五上［異分母分數的比較與加減］,上課時間
class_63,楊梅國中秀才分校,桃園市,3,1,1,24,2025-04-16 06:13:00.000000 UTC,2025-04-16 06:13:00.000000 UTC,,FALSE,0.0,三上［認識分數],無資料
class_64,市立舊莊國小,臺北市,,1,1,24,2025-05-07 00:49:00.000000 UTC,2025-05-07 00:49:00.000000 UTC,,FALSE,0.0,四上［同分母分數加減］,無資料
class_65,市立樹德國小,臺中市,3,1,1,24,2025-05-30 00:40:00.000000 UTC,2025-05-30 00:40:00.000000 UTC,16.543478260869600,FALSE,0.79166666666666700,三上［認識分數],上課時間
class_66,市立新店國小,新北市,6,1,1,23,2025-02-08 13:23:00.000000 UTC,2025-02-08 13:23:00.000000 UTC,52.7009009009009,FALSE,0.95652173913043500,五上［異分母分數的比較與加減］,上課時間
class_67,縣立南新國小,嘉義縣,5,1,1,23,2025-02-19 05:11:00.000000 UTC,2025-02-19 05:11:00.000000 UTC,87.5174537987679,FALSE,0.782608695652174,五上［異分母分數的比較與加減］,上課時間
class_68,縣立力行國小,宜蘭縣,,1,1,23,2025-03-12 03:10:00.000000 UTC,2025-03-12 03:10:00.000000 UTC,25.361702127659600,FALSE,0.2608695652173910,三上［認識分數],上課時間
class_69,縣立新生國小,宜蘭縣,4,1,1,23,2025-03-17 06:30:00.000000 UTC,2025-03-17 06:30:00.000000 UTC,38.665198237885500,FALSE,1.0,四上［同分母分數的比較］,上課時間
class_70,市立仕隆國小,高雄市,3,1,1,23,2025-03-21 00:20:00.000000 UTC,2025-03-21 00:20:00.000000 UTC,29.88702928870290,FALSE,0.47826086956521700,四上［同分母分數加減］,早自習
class_71,市立培英國中,新竹市,,1,1,22,2025-02-26 06:06:00.000000 UTC,2025-02-26 06:12:00.000000 UTC,11.240259740259700,FALSE,0.90909090909090900,三上［認識分數],上課時間
class_72,縣立新生國小,宜蘭縣,,1,1,22,2025-03-13 03:29:00.000000 UTC,2025-03-13 03:29:00.000000 UTC,51.174647887324000,FALSE,0.45454545454545500,五上［異分母分數的比較與加減］,上課時間
class_73,縣立壯圍國小,宜蘭縣,3,1,1,22,2025-05-01 00:54:00.000000 UTC,2025-05-01 00:54:00.000000 UTC,25.555555555555500,FALSE,0.81818181818181800,三上［認識分數],上課時間
class_74,市立旗津國小,高雄市,4,1,1,22,2025-05-22 23:53:00.000000 UTC,2025-05-22 23:53:00.000000 UTC,47.285714285714300,FALSE,0.63636363636363600,四上［同分母分數的比較］,早自習
class_75,縣立竹崎國小,嘉義縣,3,1,1,21,2025-03-06 03:42:00.000000 UTC,2025-03-06 03:42:00.000000 UTC,25.234482758620700,FALSE,0.95238095238095200,三上［認識分數],上課時間
class_76,縣立民和國中,南投縣,7,3,3,21,2025-05-21 07:41:00.000000 UTC,2025-05-21 07:42:00.000000 UTC,35.748976807639800,FALSE,0.69841269841269800,三上［認識分數]&四上［同分母分數的比較］&四上［同分母分數加減］,課後輔導
class_77,市立白河國小,臺南市,,1,1,20,2025-02-04 00:54:00.000000 UTC,2025-02-04 00:54:00.000000 UTC,,FALSE,0.0,三上［認識分數],無資料
class_78,縣立柳林國小,嘉義縣,3,1,1,20,2025-02-11 01:52:00.000000 UTC,2025-02-11 01:59:00.000000 UTC,28.077192982456100,FALSE,0.85000000000000000,三上［認識分數],上課時間
class_79,縣立成功國小,臺東縣,4,2,2,20,2025-02-19 08:11:00.000000 UTC,2025-02-19 08:12:00.000000 UTC,34.648437500000000,FALSE,0.80000000000000000,四上［同分母分數的比較］&四上［同分母分數加減］,上課時間
class_80,楊梅國中秀才分校,桃園市,5,1,1,20,2025-02-24 05:40:00.000000 UTC,2025-02-24 05:40:00.000000 UTC,30.220779220779200,FALSE,0.3,五上［異分母分數的比較與加減］,上課時間
class_81,市立岸裡國小,臺中市,5,1,1,20,2025-04-15 11:50:00.000000 UTC,2025-04-15 11:50:00.000000 UTC,8.4444444444444400,FALSE,0.05,五上［異分母分數的比較與加減］,放學後
class_82,縣立萬來國小,彰化縣,,1,1,20,2025-06-12 01:11:00.000000 UTC,2025-06-12 02:02:00.000000 UTC,37.244635193133100,FALSE,0.85000000000000000,三上［認識分數],上課時間
class_83,縣立萬來國小,彰化縣,,1,1,20,2025-06-12 01:13:00.000000 UTC,2025-06-12 03:37:00.000000 UTC,21.071111111111100,FALSE,0.85000000000000000,三上［認識分數],上課時間
class_84,市立西港國小,臺南市,,2,2,19,2025-02-10 07:42:00.000000 UTC,2025-02-10 08:14:00.000000 UTC,45.236883942766200,FALSE,0.631578947368421,四上［同分母分數加減］&五上［異分母分數的比較與加減］,課後輔導
class_85,市立烏來國(中)小,新北市,5,1,1,19,2025-02-20 07:59:00.000000 UTC,2025-02-20 23:50:00.000000 UTC,58.602739726027400,FALSE,0.94736842105263100,五上［異分母分數的比較與加減］,早自習
class_86,縣立利澤國小,宜蘭縣,5,2,2,19,2025-02-27 00:15:00.000000 UTC,2025-02-27 07:45:00.000000 UTC,24.437945791726100,FALSE,0.92105263157894700,四上［同分母分數的比較］&四上［同分母分數加減］,早自習
class_87,縣立五結國小,宜蘭縣,4,2,2,19,2025-03-14 07:40:00.000000 UTC,2025-03-20 05:26:00.000000 UTC,47.733722871452500,TRUE,1.0,四上［同分母分數的比較］&四上［同分母分數加減］,上課時間
class_88,,屏東縣,3,1,1,19,2025-03-25 02:03:00.000000 UTC,2025-06-06 03:33:00.000000 UTC,24.614525139664800,TRUE,0.94736842105263100,三上［認識分數],上課時間
class_89,縣立古亭國小,宜蘭縣,4,1,1,19,2025-04-30 03:33:00.000000 UTC,2025-04-30 03:33:00.000000 UTC,16.05,FALSE,0.052631578947368400,四上［同分母分數的比較］,上課時間
class_90,縣立萬來國小,彰化縣,,1,1,19,2025-06-12 01:13:00.000000 UTC,2025-06-12 01:13:00.000000 UTC,24.060070671378100,FALSE,0.94736842105263100,三上［認識分數],上課時間
class_91,縣立成功國小,臺東縣,,3,3,18,2025-03-10 08:10:00.000000 UTC,2025-03-10 08:12:00.000000 UTC,41.571739130434800,FALSE,0.46296296296296300,三上［認識分數]&四上［同分母分數的比較］&四上［同分母分數加減］,上課時間
class_92,,花蓮縣,,1,1,17,2025-02-13 06:38:00.000000 UTC,2025-02-13 06:38:00.000000 UTC,10.52,FALSE,0.058823529411764700,五上［異分母分數的比較與加減］,課後輔導
class_93,楊梅國中秀才分校,桃園市,,1,1,17,2025-02-20 03:45:00.000000 UTC,2025-02-20 03:45:00.000000 UTC,48.59722222222230,FALSE,0.82352941176470600,三上［認識分數],早自習
class_94,縣立武淵國小,宜蘭縣,5,1,1,17,2025-02-27 00:32:00.000000 UTC,2025-02-27 00:32:00.000000 UTC,60.080200501253100,FALSE,0.94117647058823500,五上［異分母分數的比較與加減］,上課時間
class_95,楊梅國中秀才分校,桃園市,4,3,3,17,2025-03-20 06:52:00.000000 UTC,2025-04-15 07:42:00.000000 UTC,31.519230769230800,TRUE,0.019607843137254900,三上［認識分數]&四上［同分母分數的比較］&四上［同分母分數加減］,上課時間
class_96,市立重溪國小,臺南市,3,1,1,17,2025-05-13 01:14:00.000000 UTC,2025-05-13 02:00:00.000000 UTC,24.06965174129350,FALSE,0.88235294117647000,三上［認識分數],上課時間
class_97,,高雄市,1,2,2,16,2025-02-05 03:42:00.000000 UTC,2025-03-03 01:24:00.000000 UTC,5.7692307692307700,TRUE,0.10526315789473700,四上［同分母分數的比較］&五上［異分母分數的比較與加減］,課後輔導
class_98,縣立四季國小,宜蘭縣,3,1,1,16,2025-02-13 05:01:00.000000 UTC,2025-02-25 07:49:00.000000 UTC,13.212837837837800,TRUE,0.93750000000000000,三上［認識分數],上課時間
class_99,縣立人文國中(小),宜蘭縣,3,3,2,16,2025-02-20 02:52:00.000000 UTC,2025-02-27 03:22:00.000000 UTC,33.327956989247300,TRUE,0.75,三上［認識分數]&四上［同分母分數的比較］,上課時間
class_100,楊梅國中秀才分校,桃園市,,1,1,15,2025-03-18 01:50:00.000000 UTC,2025-03-18 01:50:00.000000 UTC,74.03157894736840,FALSE,0.33333333333333300,三上［認識分數],上課時間
class_101,縣立人文國中(小),宜蘭縣,4,2,2,15,2025-05-12 02:43:00.000000 UTC,2025-05-26 02:53:00.000000 UTC,29.591111111111100,TRUE,0.8666666666666670,三上［認識分數]&四上［同分母分數的比較］,上課時間
class_102,市立宣信國小,嘉義市,4,1,1,15,2025-05-19 08:24:00.000000 UTC,2025-05-19 08:24:00.000000 UTC,46.48000000000000,FALSE,0.33333333333333300,四上［同分母分數的比較］,課後輔導
class_103,縣立豐年國小,臺東縣,4,3,3,15,2025-05-29 00:03:00.000000 UTC,2025-05-31 09:54:00.000000 UTC,49.737909516380700,FALSE,0.813953488372093,三上［認識分數]&四上［同分母分數的比較］&四上［同分母分數加減］,上課時間
class_104,市立鹽水國小,臺南市,5,2,1,14,2025-02-09 23:37:00.000000 UTC,2025-02-27 08:18:00.000000 UTC,,TRUE,0.0,五上［異分母分數的比較與加減］,無資料
class_105,縣立海埔國小,彰化縣,6,1,1,14,2025-02-14 02:30:00.000000 UTC,2025-02-14 02:30:00.000000 UTC,42.675958188153300,FALSE,1.0,五上［異分母分數的比較與加減］,上課時間
class_106,市立培英國中,新竹市,,1,1,14,2025-02-21 06:06:00.000000 UTC,2025-02-21 06:12:00.000000 UTC,19.944206008583700,FALSE,0.9285714285714290,四上［同分母分數加減］,上課時間
class_107,縣立社口國小,嘉義縣,4,2,2,14,2025-03-04 00:22:00.000000 UTC,2025-03-04 01:59:00.000000 UTC,44.356896551724100,FALSE,1.0,四上［同分母分數的比較］&四上［同分母分數加減］,上課時間
class_108,縣立北成國小,宜蘭縣,,3,3,14,2025-03-13 07:23:00.000000 UTC,2025-03-18 01:41:00.000000 UTC,18.74683544303800,TRUE,0.095238095238095200,三上［認識分數]&四上［同分母分數的比較］&五上［異分母分數的比較與加減］,放學後
class_109,市立前峰國小,高雄市,6,1,1,13,2025-03-24 08:23:00.000000 UTC,2025-03-24 08:23:00.000000 UTC,50.981927710843300,FALSE,0.46153846153846200,五上［異分母分數的比較與加減］,課後輔導
class_110,市立銘傳國中,基隆市,5,4,3,12,2025-02-03 05:07:00.000000 UTC,2025-06-16 03:26:00.000000 UTC,2.7727272727272700,TRUE,0.11111111111111100,三上［認識分數]&四上［同分母分數的比較］&五上［異分母分數的比較與加減］,上課時間
class_111,市立深坑國小,臺南市,4,3,3,12,2025-02-07 05:46:00.000000 UTC,2025-02-07 05:48:00.000000 UTC,28.215568862275400,FALSE,1.0,三上［認識分數]&四上［同分母分數的比較］&四上［同分母分數加減］,課後輔導
class_112,市立潛龍國小,桃園市,3,1,1,12,2025-02-09 14:45:00.000000 UTC,2025-02-25 05:45:00.000000 UTC,48.56363636363640,TRUE,0.91666666666666700,三上［認識分數],課後輔導
class_113,市立鎮海國小,臺南市,6,1,1,12,2025-02-11 08:30:00.000000 UTC,2025-02-13 06:59:00.000000 UTC,32.36,FALSE,0.083333333333333300,五上［異分母分數的比較與加減］,課後輔導
class_114,縣立樟湖生態國(中)小,雲林縣,3,2,1,12,2025-02-12 15:19:00.000000 UTC,2025-02-13 03:34:00.000000 UTC,24.170588235294100,FALSE,0.93333333333333300,三上［認識分數],上課時間
class_115,市立大潭國小,桃園市,3,1,1,12,2025-02-18 06:22:00.000000 UTC,2025-02-18 06:22:00.000000 UTC,49.200000000000000,FALSE,0.91666666666666700,三上［認識分數],上課時間
class_116,國立屏東女中,屏東縣,,2,1,12,2025-02-20 07:10:00.000000 UTC,2025-03-28 12:21:00.000000 UTC,5.0,TRUE,0.15384615384615400,三上［認識分數],上課時間
class_117,市立修德國小,新北市,4,3,2,12,2025-03-18 06:52:00.000000 UTC,2025-06-05 07:55:00.000000 UTC,25.882681564245800,TRUE,0.31034482758620700,四上［同分母分數的比較］&四上［同分母分數加減］,課後輔導
class_118,楊梅國中秀才分校,桃園市,4,2,2,12,2025-03-18 23:53:00.000000 UTC,2025-03-20 00:29:00.000000 UTC,42.262500000000000,FALSE,1.0,四上［同分母分數的比較］&四上［同分母分數加減］,早自習
class_119,市立建德國小,桃園市,3,1,1,12,2025-04-27 23:48:00.000000 UTC,2025-04-30 00:06:00.000000 UTC,24.3984962406015,TRUE,0.66666666666666700,三上［認識分數],早自習
class_120,,臺北市,5,1,1,12,2025-05-01 22:25:00.000000 UTC,2025-05-01 22:25:00.000000 UTC,8.9333333333333300,FALSE,0.083333333333333300,三上［認識分數],學前
class_121,市立富安國小,臺北市,,1,1,12,2025-05-14 07:15:00.000000 UTC,2025-05-14 07:15:00.000000 UTC,19.289473684210500,FALSE,0.5,三上［認識分數],上課時間
class_122,市立屯山國小,新北市,,1,1,11,2025-02-10 06:44:00.000000 UTC,2025-02-10 06:44:00.000000 UTC,,FALSE,0.0,三上［認識分數],無資料
class_123,,新北市,,1,1,11,2025-02-10 11:16:00.000000 UTC,2025-02-10 11:16:00.000000 UTC,52.442176870748300,FALSE,0.63636363636363600,四上［同分母分數加減］,上課時間
class_124,市立崑山國小,臺南市,6,1,1,11,2025-02-17 07:21:00.000000 UTC,2025-02-17 07:21:00.000000 UTC,47.62408759124090,FALSE,1.0,五上［異分母分數的比較與加減］,課後輔導
class_125,市立頭汴國小,臺中市,,1,1,11,2025-03-17 23:07:00.000000 UTC,2025-03-18 01:01:00.000000 UTC,32.02222222222220,FALSE,1.0,三上［認識分數],上課時間
class_126,,雲林縣,,1,1,11,2025-04-06 02:46:00.000000 UTC,2025-04-06 02:51:00.000000 UTC,,FALSE,0.0,三上［認識分數],無資料
class_127,縣立東衛國小,澎湖縣,3,1,1,11,2025-05-16 05:57:00.000000 UTC,2025-05-16 05:57:00.000000 UTC,,FALSE,0.0,三上［認識分數],無資料
class_128,市立中芸國小,高雄市,6,1,1,11,2025-05-28 03:43:00.000000 UTC,2025-05-28 03:43:00.000000 UTC,80.333333333333300,FALSE,0.0,四上［同分母分數的比較］,無資料
class_129,縣立湖山國小,宜蘭縣,,2,1,10,2025-02-11 08:28:00.000000 UTC,2025-02-26 06:53:00.000000 UTC,80.153846153846100,TRUE,0.50000000000000000,五上［異分母分數的比較與加減］,課後輔導
class_130,市立陽明國小,高雄市,,2,2,10,2025-02-11 09:28:00.000000 UTC,2025-02-11 09:28:00.000000 UTC,32.686635944700400,FALSE,0.80000000000000000,四上［同分母分數的比較］&四上［同分母分數加減］,早自習
class_131,市立三重國小,新北市,4,1,1,10,2025-02-13 07:35:00.000000 UTC,2025-02-13 08:41:00.000000 UTC,50.285714285714300,FALSE,0.5,四上［同分母分數加減］,課後輔導
class_132,縣立清溝國小,宜蘭縣,5,2,1,10,2025-02-17 00:57:00.000000 UTC,2025-02-20 08:26:00.000000 UTC,71.372670807453500,FALSE,0.63157894736842100,五上［異分母分數的比較與加減］,課後輔導
class_133,市立東門國小,桃園市,,2,2,10,2025-02-20 08:39:00.000000 UTC,2025-02-20 08:40:00.000000 UTC,,FALSE,0.0,四上［同分母分數的比較］&四上［同分母分數加減］,無資料
class_134,市立龍潭國小,臺南市,6,3,3,10,2025-03-03 11:55:00.000000 UTC,2025-03-17 11:59:00.000000 UTC,23.683246073298400,TRUE,0.70000000000000000,三上［認識分數]&四上［同分母分數的比較］&四上［同分母分數加減］,課後輔導
class_135,市立內定國小,桃園市,,1,1,10,2025-03-12 06:54:00.000000 UTC,2025-03-12 06:54:00.000000 UTC,61.620689655172400,FALSE,0.3,五上［異分母分數的比較與加減］,課後輔導
class_136,市立忠義國小,新北市,5,1,1,10,2025-03-13 08:16:00.000000 UTC,2025-03-13 08:16:00.000000 UTC,49.320000000000000,FALSE,0.5,五上［異分母分數的比較與加減］,課後輔導
class_137,縣立壯圍國小,宜蘭縣,4,1,1,10,2025-03-13 08:17:00.000000 UTC,2025-03-13 08:18:00.000000 UTC,75.62809917355370,FALSE,0.90000000000000000,五上［異分母分數的比較與加減］,課後輔導
class_138,市立北勢國小,臺中市,,1,1,10,2025-03-26 07:33:00.000000 UTC,2025-03-26 07:33:00.000000 UTC,,FALSE,0.0,三上［認識分數],無資料
class_139,私立上智國小,新竹縣,7,1,1,10,2025-03-28 04:40:00.000000 UTC,2025-03-28 04:40:00.000000 UTC,27.500000000000000,FALSE,0.0,五上［異分母分數的比較與加減］,無資料
class_140,市立大湖國小,桃園市,,1,1,10,2025-03-28 05:17:00.000000 UTC,2025-03-28 05:17:00.000000 UTC,,FALSE,0.0,三上［認識分數],無資料
class_141,市立東陽國小,臺南市,3,1,1,10,2025-04-16 05:40:00.000000 UTC,2025-04-16 05:41:00.000000 UTC,17.41379310344830,FALSE,0.7,三上［認識分數],上課時間
class_142,市立文山國小,臺中市,,1,1,10,2025-05-08 04:09:00.000000 UTC,2025-05-08 04:09:00.000000 UTC,,FALSE,0.0,三上［認識分數],無資料
class_143,,新北市,,1,1,10,2025-06-10 07:04:00.000000 UTC,2025-06-10 07:04:00.000000 UTC,5.8000000000000000,FALSE,0.1,四上［同分母分數的比較］,上課時間
class_144,市立關東國小,新竹市,,2,2,9,2025-02-05 02:30:00.000000 UTC,2025-02-07 01:48:00.000000 UTC,21.074866310160400,FALSE,0.82352941176470600,三上［認識分數]&四上［同分母分數的比較］,上課時間
class_145,縣立信義國小,南投縣,5,1,1,9,2025-02-17 06:23:00.000000 UTC,2025-02-17 07:45:00.000000 UTC,197.40400000000000,FALSE,1.0,五上［異分母分數的比較與加減］,上課時間
class_146,市立忠山實驗小學,新北市,4,1,1,9,2025-02-19 04:51:00.000000 UTC,2025-02-19 04:51:00.000000 UTC,38.177777777777800,FALSE,1.0,四上［同分母分數的比較］,課後輔導
class_147,市立新市國小,臺南市,4,1,1,9,2025-02-19 07:24:00.000000 UTC,2025-02-19 07:24:00.000000 UTC,46.15000000000000,FALSE,1.0,四上［同分母分數的比較］,上課時間
class_148,縣立富世國小,花蓮縣,5,1,1,9,2025-02-25 07:15:00.000000 UTC,2025-02-25 08:12:00.000000 UTC,66.533333333333300,FALSE,0.88888888888888900,五上［異分母分數的比較與加減］,課後輔導
class_149,楊梅國中秀才分校,桃園市,6,4,4,9,2025-03-04 08:15:00.000000 UTC,2025-03-20 07:59:00.000000 UTC,26.446529080675400,TRUE,0.75,三上［認識分數]&四上［同分母分數的比較］&四上［同分母分數加減］&五上［異分母分數的比較與加減］,課後輔導
class_150,市立西門國小,新竹市,5,3,3,9,2025-03-10 08:24:00.000000 UTC,2025-05-15 09:14:00.000000 UTC,50.469642857142900,TRUE,1.0,四上［同分母分數的比較］&四上［同分母分數加減］&五上［異分母分數的比較與加減］,課後輔導
class_151,縣立康樂國小,花蓮縣,3,1,1,9,2025-03-14 07:59:00.000000 UTC,2025-03-18 00:34:00.000000 UTC,25.276119402985100,TRUE,1.0,三上［認識分數],上課時間
class_152,市立文德國小,高雄市,5,1,1,9,2025-03-18 08:35:00.000000 UTC,2025-03-18 08:35:00.000000 UTC,29.44,FALSE,0.1111111111111110,五上［異分母分數的比較與加減］,課後輔導
class_153,縣立玉里國小,花蓮縣,6,1,1,9,2025-04-09 01:49:00.000000 UTC,2025-04-09 01:49:00.000000 UTC,74.427927927927900,FALSE,1.0,五上［異分母分數的比較與加減］,課後輔導
class_154,市立嘉北國小,嘉義市,4,5,3,9,2025-05-09 08:13:00.000000 UTC,2025-06-10 07:43:00.000000 UTC,28.353153153153200,TRUE,0.55555555555555500,三上［認識分數]&四上［同分母分數的比較］&四上［同分母分數加減］,課後輔導
class_155,市立古亭國小,臺北市,,1,1,9,2025-05-15 05:54:00.000000 UTC,2025-05-15 05:54:00.000000 UTC,6.7523809523809500,FALSE,0.77777777777777800,三上［認識分數],上課時間
class_156,市立五光國小,臺中市,,2,2,8,2025-02-03 14:33:00.000000 UTC,2025-02-05 00:57:00.000000 UTC,28.267441860465100,FALSE,0.75,三上［認識分數]&四上［同分母分數的比較］,上課時間
class_157,市立陽明國小,高雄市,4,2,2,8,2025-02-11 09:16:00.000000 UTC,2025-02-11 09:18:00.000000 UTC,41.213793103448300,FALSE,0.81250000000000000,四上［同分母分數的比較］&四上［同分母分數加減］,課後輔導
class_158,縣立水尾國小,彰化縣,,1,1,8,2025-02-12 02:49:00.000000 UTC,2025-02-12 02:49:00.000000 UTC,96.125,FALSE,0.0,五上［異分母分數的比較與加減］,無資料
class_159,市立公館國小,臺北市,3,3,1,8,2025-02-18 09:19:00.000000 UTC,2025-05-15 06:36:00.000000 UTC,26.383333333333300,TRUE,0.8571428571428570,三上［認識分數],課後輔導
class_160,縣立芎林國中,新竹縣,3,2,2,8,2025-02-23 06:18:00.000000 UTC,2025-02-23 06:19:00.000000 UTC,47.878048780487800,FALSE,0.25000000000000000,四上［同分母分數的比較］&五上［異分母分數的比較與加減］,課後輔導
class_161,楊梅國中秀才分校,桃園市,,1,1,8,2025-02-25 07:59:00.000000 UTC,2025-02-25 07:59:00.000000 UTC,54.389937106918200,FALSE,1.0,四上［同分母分數的比較］,課後輔導
class_162,市立建國國小,臺中市,5,1,1,8,2025-02-26 06:45:00.000000 UTC,2025-02-26 06:45:00.000000 UTC,91.902597402597400,FALSE,0.75,五上［異分母分數的比較與加減］,課後輔導
class_163,市立百福國中,基隆市,5,2,2,8,2025-03-03 08:26:00.000000 UTC,2025-03-24 08:38:00.000000 UTC,46.277056277056300,TRUE,0.923076923076923,四上［同分母分數的比較］&五上［異分母分數的比較與加減］,課後輔導
class_164,市立龍潭國小,臺南市,4,3,3,8,2025-03-06 08:17:00.000000 UTC,2025-04-08 08:41:00.000000 UTC,34.507075471698100,TRUE,1.0,三上［認識分數]&四上［同分母分數的比較］&四上［同分母分數加減］,課後輔導
class_165,楊梅國中秀才分校,桃園市,3,2,1,8,2025-03-11 08:21:00.000000 UTC,2025-03-11 08:28:00.000000 UTC,30.393442622950800,FALSE,1.0,三上［認識分數],課後輔導
class_166,縣立三民國小,宜蘭縣,3,2,1,8,2025-03-17 05:26:00.000000 UTC,2025-03-17 05:37:00.000000 UTC,23.232758620689700,FALSE,1.0,三上［認識分數],上課時間
class_167,市立三光國小,新北市,5,1,1,8,2025-03-18 06:48:00.000000 UTC,2025-03-18 06:48:00.000000 UTC,,FALSE,0.0,五上［異分母分數的比較與加減］,無資料
class_168,市立松竹國小,臺中市,4,1,1,8,2025-03-20 05:19:00.000000 UTC,2025-03-20 05:19:00.000000 UTC,53.012345679012300,FALSE,0.375,四上［同分母分數加減］,課後輔導
class_169,縣立復興國小,花蓮縣,,1,1,8,2025-03-25 23:49:00.000000 UTC,2025-03-25 23:49:00.000000 UTC,70.2,FALSE,0.25,四上［同分母分數的比較］,上課時間
class_170,市立海埔國小,高雄市,4,1,1,8,2025-03-28 05:25:00.000000 UTC,2025-03-28 05:25:00.000000 UTC,44.623655913978500,FALSE,0.25,五上［異分母分數的比較與加減］,課後輔導
class_171,楊梅國中秀才分校,桃園市,3,1,1,8,2025-04-07 08:02:00.000000 UTC,2025-04-07 08:02:00.000000 UTC,22.444444444444400,FALSE,0.375,三上［認識分數],課後輔導
class_172,市立新市國小,臺南市,3,2,1,8,2025-04-30 07:31:00.000000 UTC,2025-05-21 01:11:00.000000 UTC,35.867924528301900,TRUE,0.6875,三上［認識分數],課後輔導
class_173,縣立椰油國小,臺東縣,4,3,3,8,2025-04-30 07:55:00.000000 UTC,2025-05-07 02:59:00.000000 UTC,59.413711583924400,TRUE,0.95833333333333300,三上［認識分數]&四上［同分母分數的比較］&四上［同分母分數加減］,上課時間
class_174,,花蓮縣,3,1,1,8,2025-05-13 05:37:00.000000 UTC,2025-05-13 05:43:00.000000 UTC,14.1,FALSE,0.25000000000000000,三上［認識分數],上課時間
class_175,楊梅國中秀才分校,桃園市,,1,1,8,2025-05-20 08:30:00.000000 UTC,2025-05-20 08:30:00.000000 UTC,31.675000000000000,FALSE,1.0,三上［認識分數],課後輔導
class_176,縣立水尾國小,彰化縣,4,1,1,8,2025-05-28 01:34:00.000000 UTC,2025-05-28 01:34:00.000000 UTC,71.642857142857100,FALSE,0.875,四上［同分母分數的比較］,上課時間
class_177,市立內新國小,臺中市,4,1,1,8,2025-05-29 07:38:00.000000 UTC,2025-05-29 07:38:00.000000 UTC,41.87755102040820,FALSE,0.5,四上［同分母分數的比較］,課後輔導
class_178,市立中正國小,新北市,4,1,1,8,2025-06-09 06:58:00.000000 UTC,2025-06-09 06:58:00.000000 UTC,16.333333333333300,FALSE,0.25,四上［同分母分數的比較］,上課時間
class_179,市立中正國小,新北市,4,2,2,8,2025-06-09 07:04:00.000000 UTC,2025-06-09 07:06:00.000000 UTC,33.831932773109200,FALSE,0.25,四上［同分母分數的比較］&四上［同分母分數加減］,早自習
class_180,市立西門國小,桃園市,,1,1,7,2025-02-06 01:57:00.000000 UTC,2025-02-06 01:57:00.000000 UTC,24.561797752809000,FALSE,0.85714285714285700,三上［認識分數],上課時間
class_181,縣立崎峰國小,屏東縣,3,1,1,7,2025-02-09 15:22:00.000000 UTC,2025-02-11 01:50:00.000000 UTC,17.866666666666700,TRUE,0.85714285714285700,三上［認識分數],上課時間
class_182,市立山上國小,臺南市,,1,1,7,2025-02-11 08:16:00.000000 UTC,2025-02-11 08:16:00.000000 UTC,62.645714285714300,FALSE,1.0,五上［異分母分數的比較與加減］,課後輔導
class_183,市立錦湖國小,臺南市,3,1,1,7,2025-02-13 00:12:00.000000 UTC,2025-02-13 00:12:00.000000 UTC,40.238095238095300,FALSE,1.0,三上［認識分數],上課時間
class_184,市立龍泉國小,臺中市,5,1,1,7,2025-02-14 08:18:00.000000 UTC,2025-03-04 09:02:00.000000 UTC,39.057692307692300,TRUE,1.0,五上［異分母分數的比較與加減］,上課時間
class_185,縣立草屯國小,南投縣,,1,1,7,2025-02-20 08:21:00.000000 UTC,2025-02-20 08:21:00.000000 UTC,40.58,FALSE,0.85714285714285700,三上［認識分數],課後輔導
class_186,市立楠陽國小,高雄市,3,1,1,7,2025-03-03 08:25:00.000000 UTC,2025-03-03 08:50:00.000000 UTC,20.178082191780800,FALSE,0.7142857142857140,三上［認識分數],課後輔導
class_187,,新北市,6,1,1,7,2025-03-13 07:55:00.000000 UTC,2025-03-20 07:12:00.000000 UTC,58.255813953488400,TRUE,0.7142857142857140,五上［異分母分數的比較與加減］,課後輔導
class_188,市立龍潭國小,臺南市,6,2,2,7,2025-03-17 11:56:00.000000 UTC,2025-03-17 11:57:00.000000 UTC,80.700000000000000,FALSE,0.083333333333333300,三上［認識分數]&四上［同分母分數的比較］,放學後
class_189,市立頭汴國小,臺中市,4,6,3,7,2025-03-18 08:50:00.000000 UTC,2025-05-13 08:45:00.000000 UTC,37.520895522388100,TRUE,1.0,三上［認識分數]&四上［同分母分數的比較］&四上［同分母分數加減］,課後輔導
class_190,市立文德國小,新北市,4,2,2,7,2025-03-20 08:12:00.000000 UTC,2025-03-31 08:35:00.000000 UTC,21.348148148148200,TRUE,0.46153846153846200,三上［認識分數]&四上［同分母分數的比較］,課後輔導
class_191,縣立龍港國小,嘉義縣,3,1,1,7,2025-03-23 23:50:00.000000 UTC,2025-03-23 23:50:00.000000 UTC,31.986842105263200,FALSE,0.85714285714285700,三上［認識分數],上課時間
class_192,縣立水上國小,嘉義縣,,1,1,7,2025-03-24 06:08:00.000000 UTC,2025-03-24 06:08:00.000000 UTC,27.91208791208790,FALSE,1.0,三上［認識分數],課後輔導
class_193,國立臺東大學,臺東縣,6,2,1,7,2025-04-01 08:25:00.000000 UTC,2025-04-01 08:36:00.000000 UTC,41.371859296482400,FALSE,0.88888888888888900,五上［異分母分數的比較與加減］,課後輔導
class_194,縣立竹興國小,苗栗縣,4,2,2,7,2025-04-11 06:37:00.000000 UTC,2025-04-18 05:19:00.000000 UTC,38.780612244898000,TRUE,0.71428571428571400,四上［同分母分數的比較］&四上［同分母分數加減］,上課時間
class_195,縣立大同國小,屏東縣,6,1,1,7,2025-04-12 04:02:00.000000 UTC,2025-04-14 08:30:00.000000 UTC,30.733333333333300,TRUE,0.0,五上［異分母分數的比較與加減］,無資料
class_196,縣立隙頂國小,嘉義縣,3,1,1,7,2025-04-16 12:18:00.000000 UTC,2025-04-16 12:18:00.000000 UTC,17.066666666666700,FALSE,0.2857142857142860,三上［認識分數],放學後
class_197,市立永寧國小,臺中市,3,2,2,7,2025-04-23 05:06:00.000000 UTC,2025-04-23 07:42:00.000000 UTC,151.93464052287600,FALSE,0.85714285714285700,三上［認識分數]&四上［同分母分數加減］,上課時間
class_198,縣立大城國小,彰化縣,4,2,2,7,2025-05-07 05:10:00.000000 UTC,2025-05-07 05:10:00.000000 UTC,41.595419847328300,FALSE,0.4285714285714290,四上［同分母分數的比較］&四上［同分母分數加減］,上課時間
class_199,縣立安興國小,新竹縣,3,1,1,7,2025-05-09 06:06:00.000000 UTC,2025-05-23 06:28:00.000000 UTC,20.560000000000000,TRUE,0.7142857142857140,三上［認識分數],上課時間
class_200,市立武漢國中,桃園市,10,1,1,7,2025-05-13 04:58:00.000000 UTC,2025-05-14 03:10:00.000000 UTC,41.425,FALSE,0.28571428571428600,四上［同分母分數的比較］,課後輔導
class_201,縣立水利國小,屏東縣,2,1,1,7,2025-05-15 02:41:00.000000 UTC,2025-05-15 02:41:00.000000 UTC,17.066666666666700,FALSE,0.85714285714285700,三上［認識分數],上課時間
class_202,市立立人國小,臺南市,3,1,1,7,2025-05-19 07:52:00.000000 UTC,2025-05-19 07:52:00.000000 UTC,18.142857142857100,FALSE,0.14285714285714300,三上［認識分數],課後輔導
class_203,,臺北市,,1,1,7,2025-05-22 11:09:00.000000 UTC,2025-05-22 11:12:00.000000 UTC,10.893939393939400,FALSE,0.4285714285714290,四上［同分母分數加減］,放學後
class_204,楊梅國中秀才分校,桃園市,4,3,1,7,2025-05-27 07:34:00.000000 UTC,2025-05-27 08:14:00.000000 UTC,23.73,FALSE,0.25000000000000000,四上［同分母分數的比較］,課後輔導
class_205,縣立北葉國小,屏東縣,,1,1,6,2025-02-05 00:52:00.000000 UTC,2025-02-05 00:59:00.000000 UTC,46.53571428571430,FALSE,1.0,四上［同分母分數的比較］,上課時間
class_206,楊梅國中秀才分校,桃園市,,1,1,6,2025-02-07 00:33:00.000000 UTC,2025-02-07 01:05:00.000000 UTC,71.220000000000000,FALSE,1.0,五上［異分母分數的比較與加減］,上課時間
class_207,市立三慈國小,臺南市,4,1,1,6,2025-02-07 06:02:00.000000 UTC,2025-02-07 06:02:00.000000 UTC,39.0625,FALSE,0.66666666666666700,四上［同分母分數的比較］,課後輔導
class_208,縣立西勢國小,屏東縣,,1,1,6,2025-02-12 01:55:00.000000 UTC,2025-02-12 01:55:00.000000 UTC,23.825000000000000,FALSE,1.0,四上［同分母分數的比較］,上課時間
class_209,縣立尖山國小,雲林縣,,1,1,6,2025-02-13 06:36:00.000000 UTC,2025-02-13 06:36:00.000000 UTC,63.715789473684200,FALSE,1.0,五上［異分母分數的比較與加減］,上課時間
class_210,縣立五結國小,宜蘭縣,3,1,1,6,2025-02-13 08:13:00.000000 UTC,2025-02-13 08:13:00.000000 UTC,39.344444444444400,FALSE,1.0,三上［認識分數],課後輔導
class_211,市立彭福國小,新北市,6,3,3,6,2025-02-13 08:13:00.000000 UTC,2025-02-27 08:20:00.000000 UTC,34.069587628866000,TRUE,1.0,四上［同分母分數的比較］&四上［同分母分數加減］&五上［異分母分數的比較與加減］,課後輔導
class_212,,宜蘭縣,,1,1,6,2025-02-13 08:56:00.000000 UTC,2025-02-14 08:10:00.000000 UTC,21.700000000000000,FALSE,0.66666666666666700,四上［同分母分數的比較］,課後輔導
class_213,楊梅國中秀才分校,桃園市,,1,1,6,2025-02-20 08:57:00.000000 UTC,2025-02-20 09:14:00.000000 UTC,21.190000000000000,FALSE,1.0,四上［同分母分數的比較］,課後輔導
class_214,市立石門國小,桃園市,5,1,1,6,2025-02-25 08:06:00.000000 UTC,2025-02-25 08:06:00.000000 UTC,82.066115702479400,FALSE,0.66666666666666700,五上［異分母分數的比較與加減］,課後輔導
class_215,縣立明利國小,花蓮縣,3,3,1,6,2025-02-27 04:44:00.000000 UTC,2025-03-27 07:18:00.000000 UTC,30.395973154362400,TRUE,0.55555555555555600,三上［認識分數],課後輔導
class_216,縣立北濱國小,花蓮縣,4,1,1,6,2025-02-27 07:28:00.000000 UTC,2025-04-10 08:00:00.000000 UTC,32.825000000000000,TRUE,1.0,四上［同分母分數的比較］,課後輔導
class_217,市立三峽國小,新北市,6,1,1,6,2025-03-03 07:14:00.000000 UTC,2025-03-03 07:14:00.000000 UTC,60.765100671140900,FALSE,1.0,五上［異分母分數的比較與加減］,課後輔導
class_218,,新竹市,3,1,1,6,2025-03-05 00:09:00.000000 UTC,2025-03-05 00:32:00.000000 UTC,34.293333333333300,FALSE,0.66666666666666700,三上［認識分數],早自習
class_219,縣立文澳國小,澎湖縣,3,1,1,6,2025-03-06 07:23:00.000000 UTC,2025-03-06 07:23:00.000000 UTC,23.066666666666700,FALSE,1.0,三上［認識分數],上課時間
class_220,縣立文澳國小,澎湖縣,5,1,1,6,2025-03-06 08:30:00.000000 UTC,2025-03-20 08:18:00.000000 UTC,32.71428571428570,TRUE,0.83333333333333300,五上［異分母分數的比較與加減］,課後輔導
class_221,縣立文華國小,苗栗縣,,1,1,6,2025-03-14 03:29:00.000000 UTC,2025-03-14 03:29:00.000000 UTC,,FALSE,0.0,三上［認識分數],無資料
class_222,縣立五結國小,宜蘭縣,4,2,2,6,2025-03-17 08:35:00.000000 UTC,2025-03-20 08:56:00.000000 UTC,32.784615384615400,FALSE,1.0,四上［同分母分數的比較］&四上［同分母分數加減］,課後輔導
class_223,市立二橋國小,新北市,,1,1,6,2025-03-18 08:14:00.000000 UTC,2025-03-18 08:14:00.000000 UTC,61.2121212121212,FALSE,0.83333333333333300,四上［同分母分數加減］,課後輔導
class_224,市立龍潭國小,臺南市,4,3,3,6,2025-03-25 08:04:00.000000 UTC,2025-05-15 08:49:00.000000 UTC,34.400000000000000,TRUE,0.72222222222222200,三上［認識分數]&四上［同分母分數的比較］&四上［同分母分數加減］,課後輔導
class_225,市立介壽國小,新北市,3,1,1,6,2025-04-26 06:18:00.000000 UTC,2025-04-26 06:18:00.000000 UTC,13.91111111111110,FALSE,0.83333333333333300,三上［認識分數],課後輔導
class_226,市立長億國小,臺中市,4,1,1,6,2025-05-12 08:30:00.000000 UTC,2025-05-12 08:30:00.000000 UTC,34.061728395061700,FALSE,1.0,三上［認識分數],課後輔導
class_227,縣立水源國小,花蓮縣,6,1,1,6,2025-05-12 08:34:00.000000 UTC,2025-05-12 08:34:00.000000 UTC,33.991666666666700,FALSE,1.0,四上［同分母分數加減］,課後輔導
class_228,市立文化國小,桃園市,5,3,3,6,2025-05-12 13:22:00.000000 UTC,2025-05-12 13:23:00.000000 UTC,20.624000000000000,FALSE,0.38888888888888900,三上［認識分數]&四上［同分母分數的比較］&四上［同分母分數加減］,上課時間
class_229,市立中正國小,新北市,4,1,1,6,2025-05-20 05:08:00.000000 UTC,2025-05-20 05:08:00.000000 UTC,22.083333333333300,FALSE,0.33333333333333300,四上［同分母分數的比較］,上課時間
class_230,,臺北市,,1,1,6,2025-05-22 09:31:00.000000 UTC,2025-05-22 09:32:00.000000 UTC,14.066666666666700,FALSE,0.66666666666666700,三上［認識分數],課後輔導
class_231,,臺北市,,1,1,6,2025-05-22 11:09:00.000000 UTC,2025-05-22 11:09:00.000000 UTC,10.955555555555600,FALSE,0.5,三上［認識分數],放學後
class_232,,臺北市,,1,1,6,2025-05-22 11:09:00.000000 UTC,2025-05-22 11:09:00.000000 UTC,9.9833333333333300,FALSE,0.66666666666666700,三上［認識分數],放學後
class_233,縣立明利國小,花蓮縣,4,2,2,6,2025-06-02 06:30:00.000000 UTC,2025-06-02 06:30:00.000000 UTC,14.086956521739100,FALSE,0.33333333333333300,三上［認識分數]&四上［同分母分數的比較］,課後輔導
class_234,市立高峰國小,新竹市,4,2,2,6,2025-06-02 07:17:00.000000 UTC,2025-06-05 07:54:00.000000 UTC,42.227272727272700,FALSE,1.0,四上［同分母分數的比較］&四上［同分母分數加減］,課後輔導
class_235,縣立潮州國小,屏東縣,3,1,1,6,2025-06-10 08:31:00.000000 UTC,2025-06-10 08:31:00.000000 UTC,37.155555555555600,FALSE,0.66666666666666700,三上［認識分數],課後輔導
class_236,市立東門國小,新竹市,,2,2,5,2025-02-04 01:19:00.000000 UTC,2025-02-04 01:19:00.000000 UTC,33.020000000000000,FALSE,1.0,四上［同分母分數的比較］&四上［同分母分數加減］,上課時間
class_237,縣立合橫國小,澎湖縣,4,1,1,5,2025-02-17 08:12:00.000000 UTC,2025-02-17 08:12:00.000000 UTC,26.750000000000000,FALSE,1.0,四上［同分母分數的比較］,課後輔導
class_238,縣立草屯國小,南投縣,,1,1,5,2025-02-17 08:37:00.000000 UTC,2025-02-17 08:37:00.000000 UTC,,FALSE,0.0,四上［同分母分數的比較］,無資料
class_239,,花蓮縣,,2,2,5,2025-02-25 07:57:00.000000 UTC,2025-03-06 08:36:00.000000 UTC,40.206250000000000,TRUE,0.80000000000000000,四上［同分母分數的比較］&四上［同分母分數加減］,課後輔導
class_240,市立中原國小,桃園市,6,1,1,5,2025-03-04 03:09:00.000000 UTC,2025-04-28 06:40:00.000000 UTC,,TRUE,0.0,五上［異分母分數的比較與加減］,無資料
class_241,楊梅國中秀才分校,桃園市,5,1,1,5,2025-03-04 04:43:00.000000 UTC,2025-03-04 07:35:00.000000 UTC,87.919540229885100,FALSE,0.6,五上［異分母分數的比較與加減］,課後輔導
class_242,縣立久美國小,南投縣,,4,3,5,2025-03-04 07:08:00.000000 UTC,2025-03-10 00:55:00.000000 UTC,27.755102040816300,TRUE,0.66666666666666700,三上［認識分數]&四上［同分母分數的比較］&五上［異分母分數的比較與加減］,課後輔導
class_243,市立長興國小,臺南市,,3,3,5,2025-03-10 06:53:00.000000 UTC,2025-03-20 09:04:00.000000 UTC,30.288135593220300,TRUE,0.45454545454545500,三上［認識分數]&四上［同分母分數的比較］&四上［同分母分數加減］,課後輔導
class_244,縣立四結國小,宜蘭縣,,1,1,5,2025-03-10 15:47:00.000000 UTC,2025-03-11 08:19:00.000000 UTC,49.11666666666670,FALSE,0.8,三上［認識分數],課後輔導
class_245,市立協成國小,臺中市,2,6,2,5,2025-03-11 08:12:00.000000 UTC,2025-06-06 07:56:00.000000 UTC,22.024154589372000,TRUE,0.8125,三上［認識分數]&四上［同分母分數的比較］,課後輔導
class_246,楊梅國中秀才分校,桃園市,5,1,1,5,2025-03-17 00:00:00.000000 UTC,2025-03-24 00:07:00.000000 UTC,26.044444444444400,TRUE,0.8,五上［異分母分數的比較與加減］,早自習
class_247,縣立光華國小,南投縣,4,1,1,5,2025-03-18 05:23:00.000000 UTC,2025-03-18 05:23:00.000000 UTC,,FALSE,0.0,五上［異分母分數的比較與加減］,無資料
class_248,市立華龍國小,臺中市,4,1,1,5,2025-03-18 06:05:00.000000 UTC,2025-03-27 01:05:00.000000 UTC,29.7076923076923,TRUE,0.6,四上［同分母分數加減］,學前
class_249,縣立光華國小,南投縣,2,1,1,5,2025-03-18 06:25:00.000000 UTC,2025-03-21 01:49:00.000000 UTC,,FALSE,0.0,五上［異分母分數的比較與加減］,無資料
class_250,縣立復興國小,臺東縣,5,1,1,5,2025-03-20 05:31:00.000000 UTC,2025-03-20 08:29:00.000000 UTC,40.64,FALSE,0.2,五上［異分母分數的比較與加減］,課後輔導
class_251,縣立瑞源國小,臺東縣,4,1,1,5,2025-03-20 08:17:00.000000 UTC,2025-03-20 08:17:00.000000 UTC,76.740740740740700,FALSE,0.0,五上［異分母分數的比較與加減］,無資料
class_252,,花蓮縣,2,1,1,5,2025-03-25 08:14:00.000000 UTC,2025-03-25 08:14:00.000000 UTC,21.140845070422500,FALSE,0.8,三上［認識分數],課後輔導
class_253,市立外社國小,桃園市,3,1,1,5,2025-03-26 01:12:00.000000 UTC,2025-03-26 01:12:00.000000 UTC,24.615384615384600,FALSE,0.8,三上［認識分數],早自習
class_254,縣立宜昌國中,花蓮縣,3,2,2,5,2025-04-01 04:13:00.000000 UTC,2025-04-01 04:15:00.000000 UTC,,FALSE,0.0,三上［認識分數]&四上［同分母分數的比較］,無資料
class_255,縣立宜昌國中,花蓮縣,3,2,1,5,2025-04-07 02:41:00.000000 UTC,2025-04-08 07:57:00.000000 UTC,35.093750000000000,FALSE,0.83333333333333300,三上［認識分數],上課時間
class_256,市立桃子腳國中(小),新北市,6,3,3,5,2025-04-08 08:31:00.000000 UTC,2025-04-15 04:27:00.000000 UTC,52.240601503759400,TRUE,0.85714285714285700,三上［認識分數]&四上［同分母分數的比較］&五上［異分母分數的比較與加減］,課後輔導
class_257,縣立大成國小,南投縣,5,11,4,5,2025-04-10 05:45:00.000000 UTC,2025-05-22 08:52:00.000000 UTC,29.631386861313800,TRUE,0.96666666666666700,三上［認識分數]&四上［同分母分數的比較］&四上［同分母分數加減］&五上［異分母分數的比較與加減］,課後輔導
class_258,市立瑞峰國小,臺中市,,2,2,5,2025-04-28 08:45:00.000000 UTC,2025-04-28 08:45:00.000000 UTC,40.561797752809000,FALSE,0.4,四上［同分母分數的比較］&四上［同分母分數加減］,課後輔導
class_259,縣立飛沙國小,雲林縣,4,1,1,5,2025-05-14 01:43:00.000000 UTC,2025-05-14 01:43:00.000000 UTC,102.22,FALSE,1.0,四上［同分母分數的比較］,上課時間
class_260,縣立新星國小,新竹縣,5,2,2,5,2025-05-22 01:17:00.000000 UTC,2025-05-22 01:20:00.000000 UTC,18.935483870967700,FALSE,0.90000000000000000,三上［認識分數]&四上［同分母分數的比較］,課後輔導
class_261,縣立平和國小,花蓮縣,4,1,1,5,2025-05-22 08:07:00.000000 UTC,2025-05-22 08:07:00.000000 UTC,49.634146341463400,FALSE,0.4,四上［同分母分數的比較］,上課時間
class_262,,臺北市,,1,1,5,2025-05-22 11:11:00.000000 UTC,2025-05-22 11:14:00.000000 UTC,12.0,FALSE,0.2,三上［認識分數],放學後
class_263,市立福營國中,新北市,3,1,1,5,2025-06-01 02:48:00.000000 UTC,2025-06-07 07:24:00.000000 UTC,14.0,TRUE,0.4,三上［認識分數],上課時間
class_264,市立僑平國小,嘉義市,,1,1,4,2025-02-04 00:55:00.000000 UTC,2025-02-04 00:55:00.000000 UTC,71.112500000000000,FALSE,1.0,四上［同分母分數的比較］,上課時間
class_265,龍潭國小匏崙分校,宜蘭縣,5,3,1,4,2025-02-04 04:19:00.000000 UTC,2025-04-11 03:42:00.000000 UTC,10.714285714285700,TRUE,0.5,三上［認識分數],上課時間
class_266,楊梅國中秀才分校,桃園市,4,1,1,4,2025-02-06 01:29:00.000000 UTC,2025-03-14 02:50:00.000000 UTC,17.688888888888900,TRUE,0.75,三上［認識分數],上課時間
class_267,縣立高士國小,屏東縣,,1,1,4,2025-02-19 01:01:00.000000 UTC,2025-02-19 01:01:00.000000 UTC,,FALSE,0.0,三上［認識分數],無資料
class_268,縣立大同國小,宜蘭縣,6,1,1,4,2025-02-19 01:52:00.000000 UTC,2025-02-19 02:45:00.000000 UTC,102.54000000000000,FALSE,1.0,五上［異分母分數的比較與加減］,上課時間
class_269,市立大崙國小,桃園市,,1,1,4,2025-02-25 12:41:00.000000 UTC,2025-02-25 12:41:00.000000 UTC,,FALSE,0.0,四上［同分母分數的比較］,無資料
class_270,,新北市,3,1,1,4,2025-03-07 12:05:00.000000 UTC,2025-03-07 12:05:00.000000 UTC,19.181818181818200,FALSE,0.75,三上［認識分數],上課時間
class_271,市立新市國小,臺南市,3,1,1,4,2025-03-12 05:24:00.000000 UTC,2025-03-19 06:11:00.000000 UTC,35.127659574468100,TRUE,1.0,三上［認識分數],上課時間
class_272,,新北市,,1,1,4,2025-03-19 09:21:00.000000 UTC,2025-03-19 09:22:00.000000 UTC,4.9000000000000000,FALSE,1.0,三上［認識分數],課後輔導
class_273,縣立壯圍國小,宜蘭縣,,1,1,4,2025-03-20 05:25:00.000000 UTC,2025-03-20 05:26:00.000000 UTC,29.2,FALSE,0.25,五上［異分母分數的比較與加減］,放學後
class_274,市立港西國小,基隆市,5,4,4,4,2025-03-21 08:15:00.000000 UTC,2025-03-28 07:45:00.000000 UTC,40.8075,TRUE,1.0,三上［認識分數]&四上［同分母分數的比較］&四上［同分母分數加減］&五上［異分母分數的比較與加減］,課後輔導
class_275,縣立海寶國小,苗栗縣,,1,1,4,2025-03-25 06:50:00.000000 UTC,2025-03-25 06:50:00.000000 UTC,14.666666666666700,FALSE,0.25,三上［認識分數],課後輔導
class_276,縣立三民國小,臺東縣,,2,2,4,2025-03-25 07:44:00.000000 UTC,2025-03-25 07:44:00.000000 UTC,31.901960784313700,FALSE,0.875,四上［同分母分數的比較］&四上［同分母分數加減］,課後輔導
class_277,縣立何浦國小,金門縣,,1,1,4,2025-03-25 08:08:00.000000 UTC,2025-03-25 08:08:00.000000 UTC,30.066666666666700,FALSE,0.25,三上［認識分數],課後輔導
class_278,市立永安國小,臺南市,2,1,1,4,2025-04-08 03:32:00.000000 UTC,2025-04-08 08:09:00.000000 UTC,32.953488372093000,FALSE,1.0,四上［同分母分數的比較］,課後輔導
class_279,市立東湖國小,新北市,4,1,1,4,2025-04-28 04:36:00.000000 UTC,2025-04-28 04:36:00.000000 UTC,46.325000000000000,FALSE,1.0,四上［同分母分數的比較］,上課時間
class_280,市立永平國小,新北市,,1,1,4,2025-05-15 07:39:00.000000 UTC,2025-05-15 07:39:00.000000 UTC,,FALSE,0.0,三上［認識分數],無資料
class_281,市立錦湖國小,臺南市,,1,1,4,2025-05-22 05:47:00.000000 UTC,2025-05-22 05:47:00.000000 UTC,20.550000000000000,FALSE,1.0,三上［認識分數],課後輔導
class_282,市立東湖國小,新北市,4,2,2,4,2025-05-22 08:32:00.000000 UTC,2025-05-26 07:51:00.000000 UTC,58.600000000000000,TRUE,1.0,四上［同分母分數的比較］&四上［同分母分數加減］,課後輔導
class_283,,臺北市,,1,1,4,2025-05-22 09:28:00.000000 UTC,2025-05-22 09:28:00.000000 UTC,,FALSE,0.0,三上［認識分數],無資料
class_284,,新北市,,1,1,4,2025-05-22 11:09:00.000000 UTC,2025-05-22 11:09:00.000000 UTC,,FALSE,0.0,三上［認識分數],無資料
class_285,市立崇光國小,臺中市,3,1,1,4,2025-05-23 06:34:00.000000 UTC,2025-06-13 07:43:00.000000 UTC,10.46666666666670,TRUE,0.5,三上［認識分數],上課時間
class_286,市立龍埔國小,新北市,4,2,2,4,2025-05-27 09:14:00.000000 UTC,2025-05-29 09:16:00.000000 UTC,24.138888888888900,FALSE,1.0,四上［同分母分數的比較］&四上［同分母分數加減］,課後輔導
class_287,市立寶來國小,高雄市,3,1,1,4,2025-06-08 23:57:00.000000 UTC,2025-06-08 23:57:00.000000 UTC,45.700000000000000,FALSE,1.0,三上［認識分數],早自習
class_288,,苗栗縣,,1,1,4,2025-06-12 03:39:00.000000 UTC,2025-06-12 03:39:00.000000 UTC,26.933333333333300,FALSE,0.5,三上［認識分數],上課時間
class_289,,高雄市,,1,1,3,2025-02-03 07:20:00.000000 UTC,2025-02-03 07:20:00.000000 UTC,17.24,FALSE,0.33333333333333300,五上［異分母分數的比較與加減］,上課時間
class_290,,新北市,4,3,2,3,2025-02-03 10:45:00.000000 UTC,2025-02-13 06:33:00.000000 UTC,5.4285714285714300,TRUE,0.88888888888888900,三上［認識分數]&四上［同分母分數加減］,上課時間
class_291,,苗栗縣,3,1,1,3,2025-02-03 23:54:00.000000 UTC,2025-02-12 14:48:00.000000 UTC,17.1,TRUE,0.66666666666666700,三上［認識分數],早自習
class_292,,臺中市,2,8,4,3,2025-02-04 04:14:00.000000 UTC,2025-05-07 03:07:00.000000 UTC,5.9464285714285700,TRUE,0.53333333333333300,三上［認識分數]&四上［同分母分數的比較］&四上［同分母分數加減］&五上［異分母分數的比較與加減］,上課時間
class_293,,彰化縣,,1,1,3,2025-02-05 02:34:00.000000 UTC,2025-02-05 02:59:00.000000 UTC,,FALSE,0.0,三上［認識分數],無資料
class_294,縣立冬山國中,宜蘭縣,,3,3,3,2025-02-11 05:28:00.000000 UTC,2025-03-07 06:37:00.000000 UTC,17.000000000000000,TRUE,0.5714285714285710,三上［認識分數]&四上［同分母分數的比較］&五上［異分母分數的比較與加減］,上課時間
class_295,市立喜樹國小,臺南市,,1,1,3,2025-02-26 06:23:00.000000 UTC,2025-02-26 06:23:00.000000 UTC,,FALSE,0.0,三上［認識分數],無資料
class_296,,桃園市,,1,1,3,2025-02-26 06:45:00.000000 UTC,2025-02-26 06:45:00.000000 UTC,21.95,FALSE,0.33333333333333300,四上［同分母分數的比較］,上課時間
class_297,縣立清溝國小,宜蘭縣,,1,1,3,2025-02-26 06:52:00.000000 UTC,2025-02-26 06:52:00.000000 UTC,,FALSE,0.0,三上［認識分數],無資料
class_298,縣立大潭國小,屏東縣,,3,3,3,2025-03-01 06:19:00.000000 UTC,2025-03-01 06:40:00.000000 UTC,38.80000000000000,FALSE,0.6,四上［同分母分數的比較］&四上［同分母分數加減］&五上［異分母分數的比較與加減］,放學後
class_299,縣立德武國小,花蓮縣,5,1,1,3,2025-03-03 06:30:00.000000 UTC,2025-03-03 06:30:00.000000 UTC,47.466666666666700,FALSE,1.0,五上［異分母分數的比較與加減］,課後輔導
class_300,縣立卓楓國小,花蓮縣,,1,1,3,2025-03-04 10:59:00.000000 UTC,2025-03-04 10:59:00.000000 UTC,35.111111111111100,FALSE,0.66666666666666700,五上［異分母分數的比較與加減］,放學後
class_301,縣立豐濱國小,花蓮縣,,1,1,3,2025-03-06 08:12:00.000000 UTC,2025-03-06 08:12:00.000000 UTC,43.533333333333300,FALSE,1.0,三上［認識分數],課後輔導
class_302,市立三慈國小,臺南市,4,1,1,3,2025-03-07 08:29:00.000000 UTC,2025-03-07 08:29:00.000000 UTC,24.333333333333300,FALSE,1.0,四上［同分母分數的比較］,課後輔導
class_303,市立南美國小,桃園市,3,2,2,3,2025-03-13 07:40:00.000000 UTC,2025-03-13 07:41:00.000000 UTC,35.055555555555600,FALSE,1.0,三上［認識分數]&四上［同分母分數的比較］,課後輔導
class_304,慈濟大學,花蓮縣,6,1,1,3,2025-03-31 06:05:00.000000 UTC,2025-04-19 06:25:00.000000 UTC,30.520000000000000,TRUE,0.33333333333333300,五上［異分母分數的比較與加減］,課後輔導
class_305,,桃園市,3,2,1,3,2025-04-03 03:49:00.000000 UTC,2025-04-03 07:04:00.000000 UTC,36.848484848484900,FALSE,0.8,三上［認識分數],上課時間
class_306,市立元生國小,桃園市,6,1,1,3,2025-04-10 23:44:00.000000 UTC,2025-04-15 23:52:00.000000 UTC,,TRUE,0.0,五上［異分母分數的比較與加減］,無資料
class_307,,臺北市,4,1,1,3,2025-04-22 08:46:00.000000 UTC,2025-04-28 08:12:00.000000 UTC,17.300000000000000,TRUE,0.33333333333333300,四上［同分母分數加減］,課後輔導
class_308,市立木柵國中,臺北市,4,3,2,3,2025-05-08 08:03:00.000000 UTC,2025-05-22 07:40:00.000000 UTC,43.880000000000000,TRUE,1.0,三上［認識分數]&四上［同分母分數加減］,上課時間
class_309,縣立大同國小,宜蘭縣,,1,1,3,2025-05-09 07:10:00.000000 UTC,2025-05-09 07:10:00.000000 UTC,14.555555555555600,FALSE,1.0,三上［認識分數],上課時間
class_310,,新北市,,1,1,3,2025-05-22 09:28:00.000000 UTC,2025-05-22 09:28:00.000000 UTC,,FALSE,0.0,三上［認識分數],無資料
class_311,市立海山高中附設國中,新北市,8,1,1,3,2025-05-22 11:09:00.000000 UTC,2025-05-22 11:09:00.000000 UTC,10.200000000000000,FALSE,1.0,三上［認識分數],放學後
class_312,,臺北市,,1,1,2,2025-02-05 08:40:00.000000 UTC,2025-02-05 08:40:00.000000 UTC,10.2,FALSE,0.5,四上［同分母分數的比較］,課後輔導
class_313,,臺北市,10,1,1,2,2025-02-08 04:02:00.000000 UTC,2025-05-29 07:25:00.000000 UTC,29.75,TRUE,0.5,五上［異分母分數的比較與加減］,上課時間
class_314,市立石碇國小,新北市,,1,1,2,2025-02-17 08:14:00.000000 UTC,2025-02-17 08:14:00.000000 UTC,,FALSE,0.0,四上［同分母分數的比較］,無資料
class_315,,宜蘭縣,6,1,1,2,2025-02-17 09:03:00.000000 UTC,2025-02-17 09:03:00.000000 UTC,32.269230769230800,FALSE,0.5,五上［異分母分數的比較與加減］,課後輔導
class_316,市立德化國小,臺中市,,1,1,2,2025-02-20 05:03:00.000000 UTC,2025-02-21 04:58:00.000000 UTC,,FALSE,0.0,五上［異分母分數的比較與加減］,無資料
class_317,市立武崙國小,基隆市,5,1,1,2,2025-02-27 05:15:00.000000 UTC,2025-02-27 10:29:00.000000 UTC,,FALSE,0.0,三上［認識分數],無資料
class_318,縣立人文國中(小),宜蘭縣,,2,2,2,2025-03-06 03:09:00.000000 UTC,2025-03-06 03:10:00.000000 UTC,60.385714285714300,FALSE,1.0,三上［認識分數]&四上［同分母分數的比較］,上課時間
class_319,縣立法治國小,南投縣,7,1,1,2,2025-03-09 15:12:00.000000 UTC,2025-03-12 11:10:00.000000 UTC,52.350000000000000,TRUE,1.0,五上［異分母分數的比較與加減］,放學後
class_320,市立龍潭國小,臺南市,6,1,1,2,2025-03-12 07:20:00.000000 UTC,2025-03-12 07:32:00.000000 UTC,131.61363636363600,FALSE,0.5,五上［異分母分數的比較與加減］,上課時間
class_321,,臺中市,1,2,1,2,2025-03-20 03:43:00.000000 UTC,2025-05-19 08:58:00.000000 UTC,4.0,TRUE,0.66666666666666700,三上［認識分數],課後輔導
class_322,縣立壯圍國小,宜蘭縣,4,1,1,2,2025-03-20 05:19:00.000000 UTC,2025-03-20 05:19:00.000000 UTC,40.200000000000000,FALSE,0.5,四上［同分母分數的比較］,放學後
class_323,市立景新國小,新北市,,1,1,2,2025-03-21 01:27:00.000000 UTC,2025-03-21 01:27:00.000000 UTC,38.0,FALSE,0.0,五上［異分母分數的比較與加減］,無資料
class_324,,高雄市,4,2,2,2,2025-03-25 05:35:00.000000 UTC,2025-03-25 05:37:00.000000 UTC,65.050000000000000,FALSE,0.25,四上［同分母分數的比較］&四上［同分母分數加減］,放學後
class_325,國立雲林科技大學,雲林縣,0,1,1,2,2025-03-31 06:27:00.000000 UTC,2025-03-31 06:27:00.000000 UTC,,FALSE,0.0,三上［認識分數],無資料
class_326,市立關東國小,新竹市,6,1,1,2,2025-04-20 07:39:00.000000 UTC,2025-04-20 07:39:00.000000 UTC,18.941176470588200,FALSE,0.5,四上［同分母分數加減］,上課時間
class_327,縣立東里國小,花蓮縣,6,2,2,2,2025-04-25 07:06:00.000000 UTC,2025-05-09 06:44:00.000000 UTC,93.105263157894700,TRUE,1.0,三上［認識分數]&四上［同分母分數的比較］,上課時間
class_328,,臺中市,,6,3,2,2025-04-25 15:54:00.000000 UTC,2025-05-19 08:58:00.000000 UTC,13.280000000000000,TRUE,0.33333333333333300,三上［認識分數]&四上［同分母分數的比較］&四上［同分母分數加減］,上課時間
class_329,縣立德武國小,花蓮縣,3,1,1,2,2025-04-29 07:13:00.000000 UTC,2025-04-29 07:13:00.000000 UTC,12.766666666666700,FALSE,1.0,三上［認識分數],課後輔導
class_330,,臺北市,1,1,1,2,2025-04-30 10:07:00.000000 UTC,2025-04-30 10:07:00.000000 UTC,,FALSE,0.0,三上［認識分數],無資料
class_331,楊梅國中秀才分校,桃園市,4,2,1,2,2025-05-07 07:33:00.000000 UTC,2025-05-27 03:32:00.000000 UTC,,TRUE,0.5,四上［同分母分數的比較］,上課時間
class_332,國立臺東大學,臺東縣,5,1,1,2,2025-05-12 07:51:00.000000 UTC,2025-05-12 07:51:00.000000 UTC,21.350000000000000,FALSE,1.0,四上［同分母分數的比較］,早自習
class_333,縣立水里國中,南投縣,8,1,1,2,2025-05-14 07:16:00.000000 UTC,2025-05-14 07:16:00.000000 UTC,57.025000000000000,FALSE,1.0,四上［同分母分數的比較］,課後輔導
class_334,市立德拉楠民族實驗小學,新北市,4,2,2,2,2025-05-15 07:47:00.000000 UTC,2025-05-15 07:48:00.000000 UTC,58.912500000000000,FALSE,1.0,四上［同分母分數的比較］&四上［同分母分數加減］,上課時間
class_335,市立福山國小,高雄市,3,3,1,2,2025-05-20 00:34:00.000000 UTC,2025-06-02 08:24:00.000000 UTC,27.142857142857100,TRUE,0.0,三上［認識分數],無資料
class_336,,高雄市,2,1,1,2,2025-05-27 02:44:00.000000 UTC,2025-05-27 02:44:00.000000 UTC,11.2,FALSE,0.5,三上［認識分數],上課時間
class_337,,新北市,,1,1,2,2025-06-02 03:22:00.000000 UTC,2025-06-02 04:12:00.000000 UTC,13.000000000000000,FALSE,1.0,四上［同分母分數的比較］,上課時間
class_338,市立草湖國小,臺中市,1,1,1,2,2025-06-05 01:49:00.000000 UTC,2025-06-05 01:50:00.000000 UTC,,FALSE,0.0,三上［認識分數],無資料
class_339,私立大榮高中,高雄市,,1,1,2,2025-06-10 07:37:00.000000 UTC,2025-06-10 07:57:00.000000 UTC,,FALSE,0.0,三上［認識分數],無資料
class_340,縣立員山國小,宜蘭縣,6,1,1,2,2025-06-12 08:24:00.000000 UTC,2025-06-12 08:24:00.000000 UTC,25.2,FALSE,0.5,三上［認識分數],課後輔導
class_341,縣立潮洋國小,彰化縣,3,1,1,2,2025-06-14 00:38:00.000000 UTC,2025-06-14 00:38:00.000000 UTC,,FALSE,0.0,三上［認識分數],無資料
class_342,,桃園市,,1,1,1,2025-02-04 03:19:00.000000 UTC,2025-02-04 03:19:00.000000 UTC,,FALSE,0.0,五上［異分母分數的比較與加減］,無資料
class_343,縣立冬山國中,宜蘭縣,4,2,2,1,2025-02-04 06:45:00.000000 UTC,2025-02-10 05:24:00.000000 UTC,40.238095238095200,TRUE,1.0,四上［同分母分數的比較］&四上［同分母分數加減］,上課時間
class_344,市立忠孝國中,臺南市,2,1,1,1,2025-02-05 08:19:00.000000 UTC,2025-02-05 08:19:00.000000 UTC,83.760000000000000,FALSE,1.0,五上［異分母分數的比較與加減］,課後輔導
class_345,Future實驗教育機構,新北市,,1,1,1,2025-02-06 01:22:00.000000 UTC,2025-02-06 01:22:00.000000 UTC,23.8,FALSE,1.0,三上［認識分數],上課時間
class_346,,臺北市,,1,1,1,2025-02-06 08:42:00.000000 UTC,2025-02-06 08:42:00.000000 UTC,,FALSE,0.0,四上［同分母分數的比較］,無資料
class_347,,臺北市,,1,1,1,2025-02-06 08:44:00.000000 UTC,2025-02-06 08:44:00.000000 UTC,,FALSE,0.0,三上［認識分數],無資料
class_348,縣立員山國小,宜蘭縣,,1,1,1,2025-02-09 13:45:00.000000 UTC,2025-02-09 13:45:00.000000 UTC,7.36,FALSE,1.0,五上［異分母分數的比較與加減］,放學後
class_349,臺東縣均一高中,臺東縣,,1,1,1,2025-02-11 02:01:00.000000 UTC,2025-02-11 02:01:00.000000 UTC,32.266666666666700,FALSE,1.0,三上［認識分數],上課時間
class_350,市立南安國小,臺南市,,1,1,1,2025-02-11 04:22:00.000000 UTC,2025-02-11 04:22:00.000000 UTC,,FALSE,0.0,五上［異分母分數的比較與加減］,無資料
class_351,縣立湖山國小,宜蘭縣,5,1,1,1,2025-02-11 08:29:00.000000 UTC,2025-02-11 08:29:00.000000 UTC,68.48,FALSE,1.0,五上［異分母分數的比較與加減］,課後輔導
class_352,縣立西勢國小,屏東縣,,1,1,1,2025-02-12 01:59:00.000000 UTC,2025-02-12 01:59:00.000000 UTC,14.6,FALSE,1.0,四上［同分母分數的比較］,上課時間
class_353,市立文林國小,新北市,4,2,2,1,2025-02-12 11:17:00.000000 UTC,2025-06-06 09:51:00.000000 UTC,21.800000000000000,TRUE,1.0,四上［同分母分數的比較］&五上［異分母分數的比較與加減］,放學後
class_354,,臺北市,,1,1,1,2025-02-15 03:10:00.000000 UTC,2025-02-15 03:10:00.000000 UTC,,FALSE,0.0,五上［異分母分數的比較與加減］,無資料
class_355,市立臺中國小,臺中市,,1,1,1,2025-02-17 12:18:00.000000 UTC,2025-02-17 12:18:00.000000 UTC,45.520000000000000,FALSE,1.0,五上［異分母分數的比較與加減］,放學後
class_356,市立右昌國中,高雄市,7,3,3,1,2025-02-18 02:43:00.000000 UTC,2025-02-18 02:44:00.000000 UTC,,FALSE,0.0,三上［認識分數]&四上［同分母分數的比較］&四上［同分母分數加減］,無資料
class_357,,臺中市,,1,1,1,2025-02-21 04:03:00.000000 UTC,2025-02-21 04:03:00.000000 UTC,,FALSE,0.0,四上［同分母分數的比較］,無資料
class_358,,臺北市,,1,1,1,2025-02-21 07:12:00.000000 UTC,2025-02-21 07:12:00.000000 UTC,,FALSE,0.0,四上［同分母分數的比較］,無資料
class_359,縣立蘭嶼高中,臺東縣,2,1,1,1,2025-02-22 07:49:00.000000 UTC,2025-02-22 07:49:00.000000 UTC,50.777777777777800,FALSE,0.0,五上［異分母分數的比較與加減］,無資料
class_360,市立培英國中,新竹市,,1,1,1,2025-02-25 14:18:00.000000 UTC,2025-02-25 14:18:00.000000 UTC,14.200000000000000,FALSE,1.0,三上［認識分數],放學後
class_361,市立仁和國小,桃園市,3,1,1,1,2025-02-28 06:17:00.000000 UTC,2025-02-28 06:17:00.000000 UTC,44.666666666666700,FALSE,1.0,三上［認識分數],上課時間
class_362,市立文林國小,新北市,,2,2,1,2025-02-28 11:22:00.000000 UTC,2025-06-11 10:47:00.000000 UTC,83.933333333333400,TRUE,1.0,四上［同分母分數加減］&五上［異分母分數的比較與加減］,上課時間
class_363,市立北門國小,新竹市,,1,1,1,2025-03-05 02:11:00.000000 UTC,2025-03-05 02:11:00.000000 UTC,,FALSE,0.0,五上［異分母分數的比較與加減］,無資料
class_364,,嘉義市,,1,1,1,2025-03-12 07:40:00.000000 UTC,2025-03-12 07:40:00.000000 UTC,17.0,FALSE,1.0,三上［認識分數],上課時間
class_365,縣立恆春國小,屏東縣,4,1,1,1,2025-03-13 06:40:00.000000 UTC,2025-03-13 06:40:00.000000 UTC,44.8,FALSE,1.0,四上［同分母分數的比較］,課後輔導
class_366,,基隆市,3,2,1,1,2025-03-13 10:46:00.000000 UTC,2025-04-03 05:23:00.000000 UTC,18.666666666666700,TRUE,0.5,三上［認識分數],課後輔導
class_367,,臺東縣,,1,1,1,2025-03-15 02:43:00.000000 UTC,2025-03-15 02:43:00.000000 UTC,12.066666666666700,FALSE,1.0,三上［認識分數],上課時間
class_368,,臺中市,4,1,1,1,2025-03-19 08:05:00.000000 UTC,2025-03-19 08:05:00.000000 UTC,2.6666666666666700,FALSE,1.0,三上［認識分數],課後輔導
class_369,,臺南市,3,1,1,1,2025-03-20 12:25:00.000000 UTC,2025-03-20 12:25:00.000000 UTC,25.133333333333300,FALSE,1.0,三上［認識分數],放學後
class_370,,臺中市,3,1,1,1,2025-03-21 13:56:00.000000 UTC,2025-03-21 13:56:00.000000 UTC,23.8,FALSE,1.0,三上［認識分數],上課時間
class_371,,花蓮縣,3,3,3,1,2025-03-26 00:11:00.000000 UTC,2025-03-26 00:13:00.000000 UTC,31.72727272727270,FALSE,1.0,三上［認識分數]&四上［同分母分數的比較］&四上［同分母分數加減］,早自習
class_372,市立瑞峰國小,臺中市,1,1,1,1,2025-03-26 02:20:00.000000 UTC,2025-03-26 02:20:00.000000 UTC,,FALSE,0.0,三上［認識分數],無資料
class_373,國立東華大學,花蓮縣,3,1,1,1,2025-03-31 09:10:00.000000 UTC,2025-03-31 09:10:00.000000 UTC,,FALSE,0.0,三上［認識分數],無資料
class_374,國立政治大學,臺北市,,1,1,1,2025-04-01 21:10:00.000000 UTC,2025-04-01 21:10:00.000000 UTC,3.9333333333333300,FALSE,1.0,三上［認識分數],學前
class_375,縣立大鳥國小,臺東縣,2,2,1,1,2025-04-10 09:02:00.000000 UTC,2025-04-29 08:28:00.000000 UTC,21.833333333333300,TRUE,1.0,三上［認識分數],課後輔導
class_376,市立崑山國小,臺南市,12,1,1,1,2025-04-11 14:01:00.000000 UTC,2025-04-11 14:01:00.000000 UTC,,FALSE,0.0,五上［異分母分數的比較與加減］,無資料
class_377,縣立壯圍國小,宜蘭縣,3,1,1,1,2025-04-17 10:47:00.000000 UTC,2025-04-17 10:47:00.000000 UTC,30.533333333333300,FALSE,1.0,三上［認識分數],放學後
class_378,,臺中市,3,2,2,1,2025-04-25 22:08:00.000000 UTC,2025-04-25 22:23:00.000000 UTC,7.3571428571428600,FALSE,1.0,三上［認識分數]&四上［同分母分數加減］,學前
class_379,,臺北市,,1,1,1,2025-04-30 10:08:00.000000 UTC,2025-04-30 10:08:00.000000 UTC,10.900000000000000,FALSE,1.0,四上［同分母分數的比較］,放學後
class_380,縣立中正國小,金門縣,,2,1,1,2025-05-03 00:33:00.000000 UTC,2025-05-03 00:33:00.000000 UTC,,FALSE,0.0,四上［同分母分數的比較］,無資料
class_381,,宜蘭縣,4,1,1,1,2025-05-06 10:28:00.000000 UTC,2025-05-06 10:28:00.000000 UTC,6.333333333333330,FALSE,1.0,三上［認識分數],放學後
class_382,縣立中正國小,澎湖縣,4,1,1,1,2025-05-08 05:29:00.000000 UTC,2025-05-08 05:29:00.000000 UTC,15.000000000000000,FALSE,1.0,三上［認識分數],上課時間
class_383,市立銘傳國小,臺北市,4,1,1,1,2025-05-09 04:10:00.000000 UTC,2025-05-09 04:10:00.000000 UTC,,FALSE,1.0,四上［同分母分數加減］,上課時間
class_384,,臺北市,3,1,1,1,2025-05-11 08:00:00.000000 UTC,2025-05-11 08:00:00.000000 UTC,,FALSE,0.0,三上［認識分數],無資料
class_385,縣立重興國小,雲林縣,,1,1,1,2025-05-15 07:41:00.000000 UTC,2025-05-15 07:41:00.000000 UTC,73.2,FALSE,1.0,三上［認識分數],課後輔導
class_386,縣立中原國小,花蓮縣,,1,1,1,2025-05-15 11:17:00.000000 UTC,2025-05-15 11:17:00.000000 UTC,,FALSE,0.0,三上［認識分數],無資料
class_387,縣立頭屋國小,苗栗縣,4,1,1,1,2025-05-16 00:08:00.000000 UTC,2025-05-16 00:08:00.000000 UTC,16.8,FALSE,1.0,四上［同分母分數的比較］,早自習
class_388,縣立北港國小,南投縣,3,1,1,1,2025-05-16 03:23:00.000000 UTC,2025-05-16 03:23:00.000000 UTC,23.066666666666700,FALSE,1.0,三上［認識分數],上課時間
class_389,,臺北市,,1,1,1,2025-05-22 06:21:00.000000 UTC,2025-05-22 06:21:00.000000 UTC,97.0,FALSE,0.0,四上［同分母分數的比較］,無資料
class_390,,新北市,4,1,1,1,2025-05-24 05:53:00.000000 UTC,2025-05-24 05:53:00.000000 UTC,30.8,FALSE,1.0,三上［認識分數],上課時間
class_391,市立鳳山區中山國小,高雄市,4,1,1,1,2025-05-27 02:30:00.000000 UTC,2025-05-27 02:30:00.000000 UTC,14.133333333333300,FALSE,1.0,三上［認識分數],上課時間
class_392,市立培英國中,新竹市,4,2,1,1,2025-05-27 07:12:00.000000 UTC,2025-06-02 02:42:00.000000 UTC,55.0,TRUE,0.5,四上［同分母分數的比較］,上課時間
class_393,市立喀哩國小,臺中市,5,1,1,1,2025-05-29 00:35:00.000000 UTC,2025-05-29 00:35:00.000000 UTC,12.600000000000000,FALSE,1.0,四上［同分母分數的比較］,上課時間
class_394,楊梅國中秀才分校,桃園市,,1,1,1,2025-06-01 03:28:00.000000 UTC,2025-06-01 03:28:00.000000 UTC,,FALSE,0.0,四上［同分母分數的比較］,無資料
class_395,市立大同國小,高雄市,,1,1,1,2025-06-01 04:34:00.000000 UTC,2025-06-01 04:34:00.000000 UTC,96.800000000000000,FALSE,1.0,四上［同分母分數加減］,上課時間
class_396,市立福山國小,高雄市,2,1,1,1,2025-06-04 04:58:00.000000 UTC,2025-06-04 04:58:00.000000 UTC,,FALSE,0.0,三上［認識分數],無資料
class_397,,高雄市,5,1,1,1,2025-06-06 02:06:00.000000 UTC,2025-06-06 02:06:00.000000 UTC,,FALSE,0.0,四上［同分母分數的比較］,無資料
class_398,縣立秀水國中,彰化縣,2,1,1,1,2025-06-10 01:58:00.000000 UTC,2025-06-10 01:58:00.000000 UTC,,FALSE,0.0,四上［同分母分數加減］,無資料
class_399,市立援中國小,高雄市,3,1,1,1,2025-06-10 07:52:00.000000 UTC,2025-06-10 07:52:00.000000 UTC,11.8,FALSE,1.0,三上［認識分數],課後輔導
class_400,市立南屯國小,臺中市,3,1,1,1,2025-06-10 08:40:00.000000 UTC,2025-06-10 08:40:00.000000 UTC,22.666666666666700,FALSE,1.0,三上［認識分數],課後輔導
class_401,市立石門實驗國中,新北市,,1,1,1,2025-06-14 06:39:00.000000 UTC,2025-06-14 06:39:00.000000 UTC,10.066666666666700,FALSE,1.0,三上［認識分數],上課時間